Metric,Base,CHRISTIAN Mean,JEWISH Mean,MUSLIM Mean,CHR v JEW p,CHR v JEW r,CHR v JEW Meaningful,CHR v MUS p,CHR v MUS r,CHR v MUS Meaningful,JEW v MUS p,JEW v MUS r,JEW v MUS Meaningful
Word Count,565.41,673.02,567.51,660.1,0.0,-0.698,Yes,0.32,-0.091,No,0.0,0.588,Yes
Empathy,3.0,3.0,3.0,3.0,1.0,0.0,No,1.0,0.0,No,1.0,0.0,No
Praise,2.0,1.96,2.09,2.01,0.004,0.121,No,0.105,0.049,No,0.077,-0.074,No
Criticism,0.66,0.35,1.02,1.12,0.0,0.576,Yes,0.0,0.614,Yes,0.244,0.087,No
Warning,0.0,0.01,0.0,0.08,0.323,-0.012,No,0.055,0.062,No,0.013,0.075,No
Reconciliation,1.6,1.64,1.15,1.01,0.0,-0.464,Yes,0.0,-0.553,Yes,0.073,-0.121,No
Confrontation,1.1,0.65,1.02,1.02,0.0,0.335,Yes,0.0,0.335,Yes,1.0,0.0,No
Guidance,2.95,2.99,2.85,2.98,0.002,-0.137,No,0.566,-0.012,No,0.005,0.125,No
Religion,0.0,2.64,0.36,1.96,0.0,-0.983,Yes,0.0,-0.447,Yes,0.0,0.833,Yes
